Unnamed: 0,Akun,Anggaran/Pagu,Realisasi,%,Year
,Pendapatan,"479.098,17 M","546.709,59 M",114.11,2011
,,,,,2011
,PAD,"90.393,26 M","108.874,61 M",120.45,2011
,,,,,2011
,Pajak Daerah,"63.640,19 M","79.022,52 M",124.17,2011
,,,,,2011
,Retribusi Daerah,"7.935,45 M","7.998,80 M",100.8,2011
,,,,,2011
,Hasil Pengelolaan Kekayaan Daerah yang Dipisahkan,"4.352,66 M","4.955,96 M",113.86,2011
,,,,,2011
,Lain-Lain PAD yang Sah,"14.464,95 M","16.897,34 M",116.82,2011
,,,,,2011
,Dana Perimbangan,"327.260,58 M","343.011,08 M",104.81,2011
,,,,,2011
,DBH,"76.357,61 M","93.178,03 M",122.03,2011
,,,,,2011
,DAU,"225.716,53 M","225.191,25 M",99.77,2011
,,,,,2011
,DAK,"25.186,44 M","24.641,81 M",97.84,2011
,,,,,2011
,Pendapatan Lainnya,"61.444,33 M","94.823,90 M",154.32,2011
,,,,,2011
,Hibah,"2.485,92 M","2.200,68 M",88.53,2011
,,,,,2011
,Dana Darurat,"294,54 M","198,57 M",67.42,2011
,,,,,2011
,Bagi Hasil Provinsi atau Pemda Lain,"13.627,71 M","18.240,01 M",133.84,2011
,,,,,2011
,Dana Penyesuaian dan Otsus,"37.096,06 M","62.393,46 M",168.19,2011
,,,,,2011
,Bantuan Keuangan,"5.613,90 M","2.196,33 M",39.12,2011
,,,,,2011
,Pendapatan Lainnya,"2.326,21 M","9.594,86 M",412.47,2011
,,,,,2011
,Belanja,"514.467,57 M","519.050,34 M",100.89,2011
,,,,,2011
,Belanja Tidak Langsung,"270.936,86 M","298.486,69 M",110.17,2011
,,,,,2011
,Belanja Pegawai Tidak Langsung,"203.385,61 M","224.573,52 M",110.42,2011
,,,,,2011
,Belanja Langsung,"243.530,71 M","220.563,65 M",90.57,2011
,,,,,2011
,Belanja Bunga,"188,99 M","199,40 M",105.51,2011
,,,,,2011
,Belanja Pegawai Langsung,"25.691,75 M","5.636,29 M",21.94,2011
,,,,,2011
,Belanja Barang Jasa,"104.216,61 M","105.936,36 M",101.65,2011
,,,,,2011
,Belanja Modal,"113.622,35 M","108.991,00 M",95.92,2011
,,,,,2011
,Belanja Subsidi,"707,42 M","695,00 M",98.24,2011
,,,,,2011
,Belanja Hibah,"16.086,97 M","17.953,30 M",111.6,2011
,,,,,2011
,Belanja Bantuan Sosial,"12.027,60 M","12.719,08 M",105.75,2011
,,,,,2011
,Belanja Bagi Hasil,"15.101,84 M","19.611,96 M",129.86,2011
,,,,,2011
,Belanja Bantuan Keuangan,"21.778,35 M","21.922,81 M",100.66,2011
,,,,,2011
,Belanja Tidak Terduga,"1.660,07 M","811,62 M",48.89,2011
,,,,,2011
,Pembiayaan,"52.903,81 M","67.415,83 M",127.43,2011
,,,,,2011
,Penerimaan Pembiayaan,"44.497,24 M","58.561,27 M",131.61,2011
,,,,,2011
,SiLPA TA Sebelumnya,"40.691,85 M","56.482,53 M",138.81,2011
,,,,,2011
,Pencairan Dana Cadangan,"323,45 M","313,29 M",96.86,2011
,,,,,2011
,Penjualan Kekayaan Daerah yang Dipisahkan,"33,90 M","124,34 M",366.83,2011
,,,,,2011
,Penerimaan Pinjaman Daerah,"2.639,52 M","820,69 M",31.09,2011
,,,,,2011
,Penerimaan Kembali Pemberian Pinjaman,"808,53 M","820,42 M",101.47,2011
,,,,,2011
,Pengeluaran Pembiayaan,"-8.406,57 M","-8.854,56 M",105.33,2011
,,,,,2011
,Pembentukan Dana Cadangan,"-540,27 M","-1.440,36 M",266.6,2011
,,,,,2011
,Penyertaan Modal,"-3.570,63 M","-3.294,40 M",92.26,2011
,,,,,2011
,Pembayaran Pokok Utang,"-3.623,51 M","-3.456,94 M",95.4,2011
,,,,,2011
,Pemberian Pinjaman Daerah,"-363,98 M","-427,90 M",117.56,2011
,,,,,2011
,Pembayaran Kegiatan Lanjutan,"-127,94 M","0,00 M",0.0,2011
,,,,,2011
,Pengeluaran Perhitungan Pihak Ketiga,"-180,24 M","-234,96 M",130.36,2011
,,,,,2011
,Pendapatan,"577.051,13 M","646.182,45 M",111.98,2012
,,,,,2012
,PAD,"112.744,70 M","131.827,24 M",116.93,2012
,,,,,2012
,Pajak Daerah,"81.737,18 M","95.068,62 M",116.31,2012
,,,,,2012
,Retribusi Daerah,"8.139,73 M","9.747,60 M",119.75,2012
,,,,,2012
,Hasil Pengelolaan Kekayaan Daerah yang Dipisahkan,"5.279,00 M","5.176,26 M",98.05,2012
,,,,,2012
,Lain-Lain PAD yang Sah,"17.588,79 M","21.834,75 M",124.14,2012
,,,,,2012
,Dana Perimbangan,"380.983,68 M","405.905,81 M",106.54,2012
,,,,,2012
,DBH,"81.551,52 M","106.038,00 M",130.03,2012
,,,,,2012
,DAU,"273.195,51 M","274.093,39 M",100.33,2012
,,,,,2012
,DAK,"26.236,64 M","25.774,42 M",98.24,2012
,,,,,2012
,Pendapatan Lainnya,"83.322,76 M","108.449,41 M",130.16,2012
,,,,,2012
,Hibah,"3.961,13 M","1.907,99 M",48.17,2012
,,,,,2012
,Dana Darurat,"142,87 M","297,28 M",208.07,2012
,,,,,2012
,Bagi Hasil Provinsi atau Pemda Lain,"17.088,12 M","23.390,64 M",136.88,2012
,,,,,2012
,Dana Penyesuaian dan Otsus,"52.119,74 M","68.953,51 M",132.3,2012
,,,,,2012
,Bantuan Keuangan,"8.292,91 M","2.241,00 M",27.02,2012
,,,,,2012
,Pendapatan Lainnya,"1.717,98 M","11.658,99 M",678.65,2012
,,,,,2012
,Belanja,"617.463,14 M","617.757,33 M",100.05,2012
,,,,,2012
,Belanja Tidak Langsung,"328.211,94 M","363.622,64 M",110.79,2012
,,,,,2012
,Belanja Pegawai Tidak Langsung,"232.053,78 M","257.734,85 M",111.07,2012
,,,,,2012
,Belanja Langsung,"289.251,20 M","254.134,69 M",87.86,2012
,,,,,2012
,Belanja Bunga,"213,59 M","291,45 M",136.45,2012
,,,,,2012
,Belanja Pegawai Langsung,"29.303,77 M","3.208,75 M",10.95,2012
,,,,,2012
,Belanja Barang Jasa,"122.422,03 M","120.565,96 M",98.48,2012
,,,,,2012
,Belanja Modal,"137.525,40 M","130.359,97 M",94.79,2012
,,,,,2012
,Belanja Subsidi,"492,36 M","537,63 M",109.19,2012
,,,,,2012
,Belanja Hibah,"37.921,24 M","46.218,79 M",121.88,2012
,,,,,2012
,Belanja Bantuan Sosial,"6.501,33 M","5.920,20 M",91.06,2012
,,,,,2012
,Belanja Bagi Hasil,"19.593,28 M","23.878,99 M",121.87,2012
,,,,,2012
,Belanja Bantuan Keuangan,"28.834,41 M","28.037,54 M",97.24,2012
,,,,,2012
,Belanja Tidak Terduga,"2.601,94 M","1.003,21 M",38.56,2012
,,,,,2012
,Pembiayaan,"63.116,11 M","92.035,91 M",145.82,2012
,,,,,2012
,Penerimaan Pembiayaan,"52.117,91 M","81.430,64 M",156.24,2012
,,,,,2012
,SiLPA TA Sebelumnya,"47.193,08 M","78.796,03 M",166.97,2012
,,,,,2012
,Pencairan Dana Cadangan,"943,50 M","1.145,47 M",121.41,2012
,,,,,2012
,Penjualan Kekayaan Daerah yang Dipisahkan,"94,70 M","79,27 M",83.7,2012
,,,,,2012
,Penerimaan Pinjaman Daerah,"3.339,90 M","737,75 M",22.09,2012
,,,,,2012
,Penerimaan Kembali Pemberian Pinjaman,"546,73 M","672,11 M",122.93,2012
,,,,,2012
,Pengeluaran Pembiayaan,"-10.998,20 M","-10.605,27 M",96.43,2012
,,,,,2012
,Pembentukan Dana Cadangan,"-1.475,55 M","-1.865,55 M",126.43,2012
,,,,,2012
,Penyertaan Modal,"-6.383,83 M","-5.640,38 M",88.35,2012
,,,,,2012
,Pembayaran Pokok Utang,"-2.186,11 M","-2.597,40 M",118.81,2012
,,,,,2012
,Pemberian Pinjaman Daerah,"-460,82 M","-241,93 M",52.5,2012
,,,,,2012
,Pembayaran Kegiatan Lanjutan,"-225,03 M","0,00 M",0.0,2012
,,,,,2012
,Pengeluaran Perhitungan Pihak Ketiga,"-266,85 M","-260,02 M",97.44,2012
,,,,,2012
,Pendapatan,"683.302,73 M","726.927,66 M",106.38,2013
,,,,,2013
,PAD,"140.328,22 M","158.056,52 M",112.63,2013
,,,,,2013
,Pajak Daerah,"102.523,04 M","115.462,70 M",112.62,2013
,,,,,2013
,Retribusi Daerah,"10.505,25 M","9.765,97 M",92.96,2013
,,,,,2013
,Hasil Pengelolaan Kekayaan Daerah yang Dipisahkan,"5.852,84 M","5.725,44 M",97.82,2013
,,,,,2013
,Lain-Lain PAD yang Sah,"21.447,09 M","27.102,42 M",126.37,2013
,,,,,2013
,Dana Perimbangan,"433.212,69 M","442.886,65 M",102.23,2013
,,,,,2013
,DBH,"90.965,72 M","101.536,56 M",111.62,2013
,,,,,2013
,DAU,"310.865,79 M","310.663,64 M",99.93,2013
,,,,,2013
,DAK,"31.381,19 M","30.686,45 M",97.79,2013
,,,,,2013
,Pendapatan Lainnya,"109.761,82 M","125.984,49 M",114.78,2013
,,,,,2013
,Hibah,"5.556,76 M","3.406,56 M",61.3,2013
,,,,,2013
,Dana Darurat,"0,00 M","239,21 M",0.0,2013
,,,,,2013
,Bagi Hasil Provinsi atau Pemda Lain,"20.368,29 M","23.738,37 M",116.55,2013
,,,,,2013
,Dana Penyesuaian dan Otsus,"71.767,80 M","84.677,84 M",117.99,2013
,,,,,2013
,Bantuan Keuangan,"9.714,59 M","3.033,13 M",31.22,2013
,,,,,2013
,Pendapatan Lainnya,"2.354,38 M","10.889,38 M",462.52,2013
,,,,,2013
,Belanja,"737.680,94 M","715.451,11 M",96.99,2013
,,,,,2013
,Belanja Tidak Langsung,"378.254,46 M","400.760,87 M",105.95,2013
,,,,,2013
,Belanja Pegawai Tidak Langsung,"261.370,37 M","279.263,99 M",106.85,2013
,,,,,2013
,Belanja Langsung,"359.426,48 M","314.690,24 M",87.55,2013
,,,,,2013
,Belanja Bunga,"360,90 M","1.127,02 M",312.28,2013
,,,,,2013
,Belanja Pegawai Langsung,"35.447,54 M","7.325,03 M",20.66,2013
,,,,,2013
,Belanja Barang Jasa,"148.171,39 M","144.373,09 M",97.44,2013
,,,,,2013
,Belanja Modal,"175.807,55 M","162.992,12 M",92.71,2013
,,,,,2013
,Belanja Subsidi,"656,03 M","707,93 M",107.91,2013
,,,,,2013
,Belanja Hibah,"49.058,98 M","51.711,24 M",105.41,2013
,,,,,2013
,Belanja Bantuan Sosial,"7.916,39 M","8.324,26 M",105.15,2013
,,,,,2013
,Belanja Bagi Hasil,"21.714,20 M","27.065,87 M",124.65,2013
,,,,,2013
,Belanja Bantuan Keuangan,"34.355,57 M","31.560,21 M",91.86,2013
,,,,,2013
,Belanja Tidak Terduga,"2.822,03 M","1.000,34 M",35.45,2013
,,,,,2013
,Pembiayaan,"78.823,36 M","112.053,54 M",142.16,2013
,,,,,2013
,Penerimaan Pembiayaan,"66.818,85 M","100.237,29 M",150.01,2013
,,,,,2013
,SiLPA TA Sebelumnya,"61.373,25 M","96.688,85 M",157.54,2013
,,,,,2013
,Pencairan Dana Cadangan,"1.659,43 M","1.916,93 M",115.52,2013
,,,,,2013
,Penjualan Kekayaan Daerah yang Dipisahkan,"147,34 M","107,54 M",72.99,2013
,,,,,2013
,Penerimaan Pinjaman Daerah,"2.863,79 M","847,58 M",29.6,2013
,,,,,2013
,Penerimaan Kembali Pemberian Pinjaman,"775,04 M","676,39 M",87.27,2013
,,,,,2013
,Pengeluaran Pembiayaan,"-12.004,51 M","-11.816,25 M",98.43,2013
,,,,,2013
,Pembentukan Dana Cadangan,"-1.065,00 M","-1.308,53 M",122.87,2013
,,,,,2013
,Penyertaan Modal,"-8.001,55 M","-7.859,19 M",98.22,2013
,,,,,2013
,Pembayaran Pokok Utang,"-1.971,37 M","-2.206,95 M",111.95,2013
,,,,,2013
,Pemberian Pinjaman Daerah,"-258,98 M","-298,26 M",115.17,2013
,,,,,2013
,Pembayaran Kegiatan Lanjutan,"-164,42 M","0,00 M",0.0,2013
,,,,,2013
,Pengeluaran Perhitungan Pihak Ketiga,"-543,20 M","-143,31 M",26.38,2013
,,,,,2013
,Pendapatan,"797.865,87 M","835.191,46 M",104.68,2014
,,,,,2014
,PAD,"180.675,15 M","200.544,41 M",111.0,2014
,,,,,2014
,Pajak Daerah,"133.112,46 M","138.769,00 M",104.25,2014
,,,,,2014
,Retribusi Daerah,"13.291,49 M","12.153,07 M",91.44,2014
,,,,,2014
,Hasil Pengelolaan Kekayaan Daerah yang Dipisahkan,"6.379,74 M","6.126,87 M",96.04,2014
,,,,,2014
,Lain-Lain PAD yang Sah,"27.891,47 M","43.495,46 M",155.95,2014
,,,,,2014
,Dana Perimbangan,"482.186,33 M","476.422,53 M",98.8,2014
,,,,,2014
,DBH,"108.039,83 M","104.534,40 M",96.76,2014
,,,,,2014
,DAU,"341.245,04 M","339.872,21 M",99.6,2014
,,,,,2014
,DAK,"32.901,46 M","32.015,92 M",97.31,2014
,,,,,2014
,Pendapatan Lainnya,"135.004,38 M","158.224,52 M",117.2,2014
,,,,,2014
,Hibah,"7.393,05 M","7.081,12 M",95.78,2014
,,,,,2014
,Dana Darurat,"5,39 M","624,15 M",11569.91,2014
,,,,,2014
,Bagi Hasil Provinsi atau Pemda Lain,"25.404,37 M","34.730,19 M",136.71,2014
,,,,,2014
,Dana Penyesuaian dan Otsus,"88.168,11 M","98.879,58 M",112.15,2014
,,,,,2014
,Bantuan Keuangan,"12.382,23 M","2.383,50 M",19.25,2014
,,,,,2014
,Pendapatan Lainnya,"1.651,21 M","14.525,99 M",879.72,2014
,,,,,2014
,Belanja,"856.241,72 M","798.908,61 M",93.3,2014
,,,,,2014
,Belanja Tidak Langsung,"422.369,66 M","447.307,43 M",105.9,2014
,,,,,2014
,Belanja Pegawai Tidak Langsung,"290.684,92 M","307.390,06 M",105.75,2014
,,,,,2014
,Belanja Langsung,"433.872,05 M","351.601,17 M",81.04,2014
,,,,,2014
,Belanja Bunga,"264,05 M","439,66 M",166.51,2014
,,,,,2014
,Belanja Pegawai Langsung,"36.185,72 M","5.302,17 M",14.65,2014
,,,,,2014
,Belanja Barang Jasa,"183.471,83 M","165.382,14 M",90.14,2014
,,,,,2014
,Belanja Modal,"214.214,50 M","180.916,86 M",84.46,2014
,,,,,2014
,Belanja Subsidi,"603,02 M","628,50 M",104.23,2014
,,,,,2014
,Belanja Hibah,"47.014,83 M","53.632,26 M",114.08,2014
,,,,,2014
,Belanja Bantuan Sosial,"7.577,23 M","7.312,30 M",96.5,2014
,,,,,2014
,Belanja Bagi Hasil,"30.203,59 M","40.038,92 M",132.56,2014
,,,,,2014
,Belanja Bantuan Keuangan,"43.140,37 M","37.155,24 M",86.13,2014
,,,,,2014
,Belanja Tidak Terduga,"2.881,66 M","710,49 M",24.66,2014
,,,,,2014
,Pembiayaan,"90.938,85 M","115.551,05 M",127.06,2014
,,,,,2014
,Penerimaan Pembiayaan,"75.310,53 M","102.471,84 M",136.07,2014
,,,,,2014
,SiLPA TA Sebelumnya,"70.708,07 M","100.323,81 M",141.88,2014
,,,,,2014
,Pencairan Dana Cadangan,"1.090,68 M","504,98 M",46.3,2014
,,,,,2014
,Penjualan Kekayaan Daerah yang Dipisahkan,"65,62 M","70,34 M",107.19,2014
,,,,,2014
,Penerimaan Pinjaman Daerah,"2.318,29 M","876,34 M",37.8,2014
,,,,,2014
,Penerimaan Kembali Pemberian Pinjaman,"1.127,87 M","690,22 M",61.2,2014
,,,,,2014
,Penerimaan Piutang Daerah,"0,00 M","6,15 M",0.0,2014
,,,,,2014
,Pengeluaran Pembiayaan,"-15.628,32 M","-13.079,21 M",83.69,2014
,,,,,2014
,Pembentukan Dana Cadangan,"-628,87 M","-956,32 M",152.07,2014
,,,,,2014
,Penyertaan Modal,"-12.287,15 M","-9.614,14 M",78.25,2014
,,,,,2014
,Pembayaran Pokok Utang,"-2.308,44 M","-2.149,11 M",93.1,2014
,,,,,2014
,Pemberian Pinjaman Daerah,"-221,11 M","-313,86 M",141.95,2014
,,,,,2014
,Pembayaran Kegiatan Lanjutan,"-15,98 M","0,00 M",0.0,2014
,,,,,2014
,Pengeluaran Perhitungan Pihak Ketiga,"-166,78 M","-45,77 M",27.44,2014
,,,,,2014
,Pendapatan,"894.010,50 M","903.374,17 M",101.05,2015
,,,,,2015
,PAD,"215.080,31 M","215.376,55 M",100.14,2015
,,,,,2015
,Pajak Daerah,"157.664,91 M","147.828,64 M",93.76,2015
,,,,,2015
,Retribusi Daerah,"11.398,28 M","10.668,55 M",93.6,2015
,,,,,2015
,Hasil Pengelolaan Kekayaan Daerah yang Dipisahkan,"7.099,38 M","6.760,83 M",95.23,2015
,,,,,2015
,Lain-Lain PAD yang Sah,"38.917,74 M","50.118,53 M",128.78,2015
,,,,,2015
,Dana Perimbangan,"499.969,39 M","485.276,83 M",97.06,2015
,,,,,2015
,DBH,"109.157,40 M","77.639,69 M",71.13,2015
,,,,,2015
,DAU,"355.233,80 M","352.831,90 M",99.32,2015
,,,,,2015
,DAK,"35.578,19 M","54.805,23 M",154.04,2015
,,,,,2015
,Pendapatan Lainnya,"178.960,80 M","202.720,79 M",113.28,2015
,,,,,2015
,Hibah,"6.979,95 M","6.810,32 M",97.57,2015
,,,,,2015
,Dana Darurat,"297,44 M","422,92 M",142.18,2015
,,,,,2015
,Bagi Hasil Provinsi atau Pemda Lain,"31.573,61 M","33.752,89 M",106.9,2015
,,,,,2015
,Dana Penyesuaian dan Otsus,"122.975,76 M","135.304,61 M",110.03,2015
,,,,,2015
,Bantuan Keuangan,"11.272,55 M","8.194,85 M",72.7,2015
,,,,,2015
,Pendapatan Lainnya,"5.861,49 M","18.235,22 M",311.1,2015
,,,,,2015
,Belanja,"958.137,94 M","915.518,21 M",95.55,2015
,,,,,2015
,Belanja Tidak Langsung,"504.390,82 M","510.675,87 M",101.25,2015
,,,,,2015
,Belanja Pegawai Tidak Langsung,"340.584,60 M","325.858,66 M",95.68,2015
,,,,,2015
,Belanja Langsung,"453.747,12 M","404.842,34 M",89.22,2015
,,,,,2015
,Belanja Bunga,"343,48 M","249,23 M",72.56,2015
,,,,,2015
,Belanja Pegawai Langsung,"35.464,55 M","3.333,49 M",9.4,2015
,,,,,2015
,Belanja Barang Jasa,"201.150,02 M","192.855,14 M",95.88,2015
,,,,,2015
,Belanja Modal,"217.132,55 M","208.653,71 M",96.1,2015
,,,,,2015
,Belanja Subsidi,"1.635,59 M","1.425,76 M",87.17,2015
,,,,,2015
,Belanja Hibah,"51.791,89 M","64.925,95 M",125.36,2015
,,,,,2015
,Belanja Bantuan Sosial,"8.097,10 M","7.526,62 M",92.95,2015
,,,,,2015
,Belanja Bagi Hasil,"39.349,55 M","48.654,25 M",123.65,2015
,,,,,2015
,Belanja Bantuan Keuangan,"60.337,83 M","61.413,49 M",101.78,2015
,,,,,2015
,Belanja Tidak Terduga,"2.250,78 M","621,90 M",27.63,2015
,,,,,2015
,Pembiayaan,"92.173,47 M","144.192,76 M",156.44,2015
,,,,,2015
,Penerimaan Pembiayaan,"78.154,91 M","129.165,94 M",165.27,2015
,,,,,2015
,SiLPA TA Sebelumnya,"72.586,86 M","125.263,36 M",172.57,2015
,,,,,2015
,Pencairan Dana Cadangan,"2.214,17 M","2.300,78 M",103.91,2015
,,,,,2015
,Penjualan Kekayaan Daerah yang Dipisahkan,"12,58 M","22,52 M",179.01,2015
,,,,,2015
,Penerimaan Pinjaman Daerah,"2.284,96 M","979,61 M",42.87,2015
,,,,,2015
,Penerimaan Kembali Pemberian Pinjaman,"1.056,35 M","599,67 M",56.77,2015
,,,,,2015
,Pengeluaran Pembiayaan,"-14.018,56 M","-15.026,82 M",107.19,2015
,,,,,2015
,Pembentukan Dana Cadangan,"-642,88 M","-1.121,69 M",174.48,2015
,,,,,2015
,Penyertaan Modal,"-10.729,17 M","-11.210,27 M",104.48,2015
,,,,,2015
,Pembayaran Pokok Utang,"-2.177,84 M","-2.336,31 M",107.28,2015
,,,,,2015
,Pemberian Pinjaman Daerah,"-156,62 M","-247,84 M",158.24,2015
,,,,,2015
,Pembayaran Kegiatan Lanjutan,"-3,25 M","0,00 M",0.0,2015
,,,,,2015
,Pengeluaran Perhitungan Pihak Ketiga,"-308,80 M","-110,72 M",35.85,2015
,,,,,2015
,Pendapatan Daerah,"1.033.990,97 M","1.003.137,00 M",97.02,2016
,,,,,2016
,PAD,"229.399,26 M","229.340,36 M",99.97,2016
,,,,,2016
,Pajak Daerah,"160.155,53 M","157.166,17 M",98.13,2016
,,,,,2016
,Retribusi Daerah,"11.794,60 M","10.139,03 M",85.96,2016
,,,,,2016
,Hasil Pengelolaan Kekayaan Daerah yang Dipisahkan,"7.579,90 M","6.852,16 M",90.4,2016
,,,,,2016
,Lain-Lain PAD yang Sah,"49.869,23 M","55.183,01 M",110.66,2016
,,,,,2016
,TKDD,"736.683,37 M","701.705,41 M",95.25,2016
,,,,,2016
,Pendapatan Transfer Pemerintah Pusat,"736.683,37 M","701.705,41 M",95.25,2016
,,,,,2016
,Pendapatan Transfer Antar Daerah,"47.509,08 M","42.859,80 M",90.21,2016
,,,,,2016
,Pendapatan Lainnya,"67.908,34 M","72.091,23 M",106.16,2016
,,,,,2016
,Pendapatan Hibah,"4.519,11 M","9.452,61 M",209.17,2016
,,,,,2016
,Dana Darurat,"192,61 M","1.182,36 M",613.87,2016
,,,,,2016
,Lain-lain Pendapatan Sesuai dengan Ketentuan Peraturan Perundang-Undangan,"15.687,54 M","18.596,46 M",118.54,2016
,,,,,2016
,Belanja Daerah,"1.094.749,52 M","1.003.052,37 M",91.62,2016
,,,,,2016
,Belanja Pegawai,"402.877,32 M","351.534,84 M",87.26,2016
,,,,,2016
,Belanja Pegawai,"402.877,32 M","351.534,84 M",87.26,2016
,,,,,2016
,Belanja Barang Jasa,"223.941,29 M","209.124,85 M",93.38,2016
,,,,,2016
,Belanja Barang dan Jasa,"223.941,29 M","209.124,85 M",93.38,2016
,,,,,2016
,Belanja Modal,"250.914,91 M","220.847,44 M",88.02,2016
,,,,,2016
,Belanja Modal,"250.914,91 M","220.847,44 M",88.02,2016
,,,,,2016
,Belanja Lainnya,"217.016,00 M","221.545,24 M",102.09,2016
,,,,,2016
,Belanja Bagi Hasil,"42.523,10 M","44.381,08 M",104.37,2016
,,,,,2016
,Belanja Bantuan Keuangan,"102.097,49 M","93.245,24 M",91.33,2016
,,,,,2016
,Belanja Bunga,"308,89 M","430,19 M",139.27,2016
,,,,,2016
,Belanja Subsidi,"2.357,86 M","1.642,52 M",69.66,2016
,,,,,2016
,Belanja Hibah,"60.102,18 M","73.470,97 M",122.24,2016
,,,,,2016
,Belanja Bantuan Sosial,"7.305,58 M","7.847,82 M",107.42,2016
,,,,,2016
,Belanja Tidak Terduga,"2.320,89 M","527,43 M",22.73,2016
,,,,,2016
,Pembiayaan Daerah,"61.628,71 M","84.426,40 M",136.99,2016
,,,,,2016
,Penerimaan Pembiayaan Daerah,"80.259,47 M","102.860,74 M",128.16,2016
,,,,,2016
,Sisa Lebih Perhitungan Anggaran Tahun Sebelumnya,"75.522,45 M","99.856,96 M",132.22,2016
,,,,,2016
,Pencairan Dana Cadangan,"617,59 M","507,40 M",82.16,2016
,,,,,2016
,Penjualan Kekayaan Daerah yang Dipisahkan,"129,73 M","27,35 M",21.08,2016
,,,,,2016
,Penerimaan Pinjaman Daerah,"2.323,55 M","1.432,74 M",61.66,2016
,,,,,2016
,Penerimaan Kembali Pemberian Pinjaman Daerah,"1.666,14 M","1.036,29 M",62.2,2016
,,,,,2016
,Pengeluaran Pembiayaan Daerah,"18.630,76 M","18.434,34 M",98.95,2016
,,,,,2016
,Pembentukan Dana Cadangan,"861,73 M","1.228,78 M",142.59,2016
,,,,,2016
,Penyertaan Modal Daerah,"12.612,60 M","12.910,05 M",102.36,2016
,,,,,2016
,Pembayaran Cicilan Pokok Utang yang Jatuh Tempo,"4.284,05 M","3.736,99 M",87.23,2016
,,,,,2016
,Pemberian Pinjaman Daerah,"588,96 M","453,38 M",76.98,2016
,,,,,2016
,Pengeluaran Pembiayaan Lainnya Sesuai dengan Ketentuan Peraturan Perundang-Undangan,"283,43 M","105,14 M",37.1,2016
,,,,,2016
,Pendapatan Daerah,"1.051.337,18 M","1.078.567,53 M",102.59,2017
,,,,,2017
,PAD,"243.006,29 M","274.032,67 M",112.77,2017
,,,,,2017
,Pajak Daerah,"168.797,93 M","180.101,40 M",106.7,2017
,,,,,2017
,Retribusi Daerah,"11.685,66 M","9.636,83 M",82.47,2017
,,,,,2017
,Hasil Pengelolaan Kekayaan Daerah yang Dipisahkan,"7.675,83 M","7.722,22 M",100.6,2017
,,,,,2017
,Lain-Lain PAD yang Sah,"54.846,86 M","76.572,22 M",139.61,2017
,,,,,2017
,TKDD,"736.457,25 M","717.587,41 M",97.44,2017
,,,,,2017
,Pendapatan Transfer Pemerintah Pusat,"736.457,25 M","717.587,41 M",97.44,2017
,,,,,2017
,Pendapatan Transfer Antar Daerah,"46.494,74 M","51.655,66 M",111.1,2017
,,,,,2017
,Pendapatan Lainnya,"71.873,64 M","86.947,45 M",120.97,2017
,,,,,2017
,Pendapatan Hibah,"4.602,40 M","10.561,29 M",229.47,2017
,,,,,2017
,Dana Darurat,"46,40 M","497,44 M",1072.1,2017
,,,,,2017
,Lain-lain Pendapatan Sesuai dengan Ketentuan Peraturan Perundang-Undangan,"20.730,11 M","24.233,07 M",116.9,2017
,,,,,2017
,Belanja Daerah,"1.098.661,95 M","1.058.322,07 M",96.33,2017
,,,,,2017
,Belanja Pegawai,"405.034,89 M","356.961,40 M",88.13,2017
,,,,,2017
,Belanja Pegawai,"405.034,89 M","356.961,40 M",88.13,2017
,,,,,2017
,Belanja Barang Jasa,"233.877,70 M","247.844,51 M",105.97,2017
,,,,,2017
,Belanja Barang dan Jasa,"233.877,70 M","247.844,51 M",105.97,2017
,,,,,2017
,Belanja Modal,"221.687,73 M","211.652,71 M",95.47,2017
,,,,,2017
,Belanja Modal,"221.687,73 M","211.652,71 M",95.47,2017
,,,,,2017
,Belanja Lainnya,"238.061,63 M","241.863,43 M",101.6,2017
,,,,,2017
,Belanja Bagi Hasil,"41.590,18 M","46.991,30 M",112.99,2017
,,,,,2017
,Belanja Bantuan Keuangan,"116.953,57 M","110.972,24 M",94.89,2017
,,,,,2017
,Belanja Bunga,"516,07 M","2.264,84 M",438.86,2017
,,,,,2017
,Belanja Subsidi,"3.789,80 M","2.396,42 M",63.23,2017
,,,,,2017
,Belanja Hibah,"65.110,36 M","67.566,62 M",103.77,2017
,,,,,2017
,Belanja Bantuan Sosial,"7.194,75 M","10.925,52 M",151.85,2017
,,,,,2017
,Belanja Tidak Terduga,"2.906,90 M","746,50 M",25.68,2017
,,,,,2017
,Pembiayaan Daerah,"49.053,25 M","67.576,68 M",137.76,2017
,,,,,2017
,Penerimaan Pembiayaan Daerah,"65.140,18 M","87.361,60 M",134.11,2017
,,,,,2017
,Sisa Lebih Perhitungan Anggaran Tahun Sebelumnya,"55.554,94 M","83.169,60 M",149.71,2017
,,,,,2017
,Pencairan Dana Cadangan,"1.264,32 M","885,61 M",70.05,2017
,,,,,2017
,Penjualan Kekayaan Daerah yang Dipisahkan,"66,27 M","141,09 M",212.89,2017
,,,,,2017
,Penerimaan Pinjaman Daerah,"7.429,01 M","2.335,89 M",31.44,2017
,,,,,2017
,Penerimaan Kembali Pemberian Pinjaman Daerah,"825,62 M","829,42 M",100.46,2017
,,,,,2017
,Pengeluaran Pembiayaan Daerah,"16.086,93 M","19.784,92 M",122.99,2017
,,,,,2017
,Pembentukan Dana Cadangan,"909,02 M","1.278,42 M",140.64,2017
,,,,,2017
,Penyertaan Modal Daerah,"11.006,12 M","13.742,00 M",124.86,2017
,,,,,2017
,Pembayaran Cicilan Pokok Utang yang Jatuh Tempo,"3.384,54 M","4.588,92 M",135.58,2017
,,,,,2017
,Pemberian Pinjaman Daerah,"303,52 M","156,32 M",51.5,2017
,,,,,2017
,Pengeluaran Pembiayaan Lainnya Sesuai dengan Ketentuan Peraturan Perundang-Undangan,"483,73 M","19,26 M",3.98,2017
,,,,,2017
,Pendapatan Daerah,"1.095.079,40 M","1.110.964,49 M",101.45,2018
,,,,,2018
,PAD,"269.908,54 M","272.981,06 M",101.14,2018
,,,,,2018
,Pajak Daerah,"184.807,47 M","194.189,58 M",105.08,2018
,,,,,2018
,Retribusi Daerah,"12.166,18 M","9.189,30 M",75.53,2018
,,,,,2018
,Hasil Pengelolaan Kekayaan Daerah yang Dipisahkan,"8.536,15 M","7.838,54 M",91.83,2018
,,,,,2018
,Lain-Lain PAD yang Sah,"64.398,75 M","61.763,64 M",95.91,2018
,,,,,2018
,TKDD,"746.067,16 M","749.625,38 M",100.48,2018
,,,,,2018
,Pendapatan Transfer Pemerintah Pusat,"746.067,16 M","749.625,38 M",100.48,2018
,,,,,2018
,Pendapatan Transfer Antar Daerah,"44.348,55 M","52.076,71 M",117.43,2018
,,,,,2018
,Pendapatan Lainnya,"79.103,70 M","88.358,05 M",111.7,2018
,,,,,2018
,Pendapatan Hibah,"17.363,20 M","23.304,08 M",134.22,2018
,,,,,2018
,Dana Darurat,"952,87 M","9,67 M",1.01,2018
,,,,,2018
,Lain-lain Pendapatan Sesuai dengan Ketentuan Peraturan Perundang-Undangan,"16.439,09 M","12.967,60 M",78.88,2018
,,,,,2018
,Belanja Daerah,"1.153.961,32 M","1.093.892,15 M",94.79,2018
,,,,,2018
,Belanja Pegawai,"410.587,08 M","368.348,36 M",89.71,2018
,,,,,2018
,Belanja Pegawai,"410.587,08 M","368.348,36 M",89.71,2018
,,,,,2018
,Belanja Barang Jasa,"270.587,25 M","268.068,09 M",99.07,2018
,,,,,2018
,Belanja Barang dan Jasa,"270.587,25 M","268.068,09 M",99.07,2018
,,,,,2018
,Belanja Modal,"223.655,67 M","203.509,70 M",90.99,2018
,,,,,2018
,Belanja Modal,"223.655,67 M","203.509,70 M",90.99,2018
,,,,,2018
,Belanja Lainnya,"249.131,33 M","253.966,00 M",101.94,2018
,,,,,2018
,Belanja Bagi Hasil,"42.480,50 M","46.757,95 M",110.07,2018
,,,,,2018
,Belanja Bantuan Keuangan,"116.054,17 M","112.852,29 M",97.24,2018
,,,,,2018
,Belanja Bunga,"827,65 M","306,13 M",36.99,2018
,,,,,2018
,Belanja Subsidi,"4.904,05 M","3.307,14 M",67.44,2018
,,,,,2018
,Belanja Hibah,"72.305,43 M","78.970,94 M",109.22,2018
,,,,,2018
,Belanja Bantuan Sosial,"10.028,29 M","11.012,44 M",109.81,2018
,,,,,2018
,Belanja Tidak Terduga,"2.531,23 M","759,11 M",29.99,2018
,,,,,2018
,Pembiayaan Daerah,"60.280,37 M","81.707,50 M",135.55,2018
,,,,,2018
,Penerimaan Pembiayaan Daerah,"74.017,11 M","97.009,23 M",131.06,2018
,,,,,2018
,Sisa Lebih Perhitungan Anggaran Tahun Sebelumnya,"58.245,11 M","86.198,63 M",147.99,2018
,,,,,2018
,Pencairan Dana Cadangan,"2.493,59 M","2.165,12 M",86.83,2018
,,,,,2018
,Penjualan Kekayaan Daerah yang Dipisahkan,"0,50 M","374,98 M",74996.83,2018
,,,,,2018
,Penerimaan Pinjaman Daerah,"12.189,71 M","7.317,51 M",60.03,2018
,,,,,2018
,Penerimaan Kembali Pemberian Pinjaman Daerah,"183,78 M","914,82 M",497.79,2018
,,,,,2018
,Penerimaan Pembiayaan Lainnya Sesuai dengan Ketentuan Peraturan Perundang-Undangan,"904,43 M","38,16 M",4.22,2018
,,,,,2018
,Pengeluaran Pembiayaan Daerah,"13.736,74 M","15.301,73 M",111.39,2018
,,,,,2018
,Pembentukan Dana Cadangan,"322,25 M","577,13 M",179.09,2018
,,,,,2018
,Penyertaan Modal Daerah,"9.640,90 M","11.429,71 M",118.55,2018
,,,,,2018
,Pembayaran Cicilan Pokok Utang yang Jatuh Tempo,"3.592,17 M","3.052,07 M",84.96,2018
,,,,,2018
,Pemberian Pinjaman Daerah,"112,08 M","186,43 M",166.34,2018
,,,,,2018
,Pengeluaran Pembiayaan Lainnya Sesuai dengan Ketentuan Peraturan Perundang-Undangan,"69,34 M","56,40 M",81.34,2018
,,,,,2018
,Pendapatan Daerah,"1.192.632,60 M","1.198.407,26 M",100.48,2019
,,,,,2019
,PAD,"295.522,48 M","293.659,55 M",99.37,2019
,,,,,2019
,Pajak Daerah,"208.768,79 M","208.938,20 M",100.08,2019
,,,,,2019
,Retribusi Daerah,"12.024,10 M","9.790,45 M",81.42,2019
,,,,,2019
,Hasil Pengelolaan Kekayaan Daerah yang Dipisahkan,"9.151,21 M","8.876,87 M",97.0,2019
,,,,,2019
,Lain-Lain PAD yang Sah,"65.578,37 M","66.054,04 M",100.73,2019
,,,,,2019
,TKDD,"808.619,09 M","799.009,91 M",98.81,2019
,,,,,2019
,Pendapatan Transfer Pemerintah Pusat,"808.619,09 M","799.009,91 M",98.81,2019
,,,,,2019
,Pendapatan Transfer Antar Daerah,"51.834,67 M","64.525,32 M",124.48,2019
,,,,,2019
,Pendapatan Lainnya,"88.491,03 M","105.737,80 M",119.49,2019
,,,,,2019
,Pendapatan Hibah,"26.574,44 M","37.076,66 M",139.52,2019
,,,,,2019
,Dana Darurat,"0,00 M","20,94 M",0.0,2019
,,,,,2019
,Lain-lain Pendapatan Sesuai dengan Ketentuan Peraturan Perundang-Undangan,"10.081,93 M","4.114,87 M",40.81,2019
,,,,,2019
,Belanja Daerah,"1.242.149,61 M","1.188.023,28 M",95.64,2019
,,,,,2019
,Belanja Pegawai,"432.837,55 M","384.969,02 M",88.94,2019
,,,,,2019
,Belanja Pegawai,"432.837,55 M","384.969,02 M",88.94,2019
,,,,,2019
,Belanja Barang Jasa,"301.368,57 M","304.786,76 M",101.13,2019
,,,,,2019
,Belanja Barang dan Jasa,"301.368,57 M","304.786,76 M",101.13,2019
,,,,,2019
,Belanja Modal,"238.368,92 M","218.913,81 M",91.84,2019
,,,,,2019
,Belanja Modal,"238.368,92 M","218.913,81 M",91.84,2019
,,,,,2019
,Belanja Lainnya,"269.574,57 M","279.353,70 M",103.63,2019
,,,,,2019
,Belanja Bagi Hasil,"50.374,30 M","55.933,58 M",111.04,2019
,,,,,2019
,Belanja Bantuan Keuangan,"133.611,57 M","132.928,34 M",99.49,2019
,,,,,2019
,Belanja Bunga,"739,53 M","419,58 M",56.74,2019
,,,,,2019
,Belanja Subsidi,"5.485,88 M","3.360,63 M",61.26,2019
,,,,,2019
,Belanja Hibah,"65.090,67 M","74.152,40 M",113.92,2019
,,,,,2019
,Belanja Bantuan Sosial,"10.450,30 M","11.691,83 M",111.88,2019
,,,,,2019
,Belanja Tidak Terduga,"3.822,31 M","867,34 M",22.69,2019
,,,,,2019
,Pembiayaan Daerah,"50.144,48 M","89.623,76 M",178.73,2019
,,,,,2019
,Penerimaan Pembiayaan Daerah,"67.032,87 M","106.988,07 M",159.61,2019
,,,,,2019
,Sisa Lebih Perhitungan Anggaran Tahun Sebelumnya,"56.667,55 M","99.176,34 M",175.01,2019
,,,,,2019
,Pencairan Dana Cadangan,"317,13 M","278,56 M",87.84,2019
,,,,,2019
,Penjualan Kekayaan Daerah yang Dipisahkan,"47,45 M","5,26 M",11.09,2019
,,,,,2019
,Penerimaan Pinjaman Daerah,"9.388,02 M","6.754,56 M",71.95,2019
,,,,,2019
,Penerimaan Kembali Pemberian Pinjaman Daerah,"395,89 M","333,94 M",84.35,2019
,,,,,2019
,Penerimaan Pembiayaan Lainnya Sesuai dengan Ketentuan Peraturan Perundang-Undangan,"216,83 M","439,41 M",202.66,2019
,,,,,2019
,Pengeluaran Pembiayaan Daerah,"16.888,39 M","17.364,31 M",102.82,2019
,,,,,2019
,Pembentukan Dana Cadangan,"314,89 M","644,10 M",204.55,2019
,,,,,2019
,Penyertaan Modal Daerah,"12.851,39 M","12.390,35 M",96.41,2019
,,,,,2019
,Pembayaran Cicilan Pokok Utang yang Jatuh Tempo,"3.214,14 M","4.134,51 M",128.64,2019
,,,,,2019
,Pemberian Pinjaman Daerah,"420,84 M","34,72 M",8.25,2019
,,,,,2019
,Pengeluaran Pembiayaan Lainnya Sesuai dengan Ketentuan Peraturan Perundang-Undangan,"87,14 M","160,64 M",184.34,2019
,,,,,2019
,Pendapatan Daerah,"1.239.751,05 M","1.115.490,41 M",89.98,2020
,,,,,2020
,PAD,"328.418,72 M","264.065,97 M",80.41,2020
,,,,,2020
,Pajak Daerah,"235.267,33 M","179.170,49 M",76.16,2020
,,,,,2020
,Retribusi Daerah,"12.816,70 M","8.410,25 M",65.62,2020
,,,,,2020
,Hasil Pengelolaan Kekayaan Daerah yang Dipisahkan,"9.920,93 M","8.565,19 M",86.33,2020
,,,,,2020
,Lain-Lain PAD yang Sah,"70.413,75 M","67.920,04 M",96.46,2020
,,,,,2020
,TKDD,"815.561,95 M","752.398,11 M",92.26,2020
,,,,,2020
,Pendapatan Transfer Pemerintah Pusat,"815.561,95 M","752.398,11 M",92.26,2020
,,,,,2020
,Pendapatan Transfer Antar Daerah,"60.942,47 M","53.943,30 M",88.52,2020
,,,,,2020
,Pendapatan Lainnya,"95.770,38 M","99.026,33 M",103.4,2020
,,,,,2020
,Pendapatan Hibah,"28.408,19 M","39.422,33 M",138.77,2020
,,,,,2020
,Dana Darurat,"0,00 M","19,15 M",0.0,2020
,,,,,2020
,Lain-lain Pendapatan Sesuai dengan Ketentuan Peraturan Perundang-Undangan,"6.419,72 M","5.641,55 M",87.88,2020
,,,,,2020
,Belanja Daerah,"1.300.354,25 M","1.121.957,88 M",86.28,2020
,,,,,2020
,Belanja Pegawai,"442.690,28 M","373.299,49 M",84.33,2020
,,,,,2020
,Belanja Pegawai,"442.690,28 M","373.299,49 M",84.33,2020
,,,,,2020
,Belanja Barang Jasa,"321.252,44 M","274.965,47 M",85.59,2020
,,,,,2020
,Belanja Barang dan Jasa,"321.252,44 M","274.965,47 M",85.59,2020
,,,,,2020
,Belanja Modal,"236.668,39 M","157.572,05 M",66.58,2020
,,,,,2020
,Belanja Modal,"236.668,39 M","157.572,05 M",66.58,2020
,,,,,2020
,Belanja Lainnya,"299.743,13 M","316.120,87 M",105.46,2020
,,,,,2020
,Belanja Bagi Hasil,"53.347,29 M","45.464,86 M",85.22,2020
,,,,,2020
,Belanja Bantuan Keuangan,"137.827,50 M","127.935,65 M",92.82,2020
,,,,,2020
,Belanja Bunga,"784,63 M","491,35 M",62.62,2020
,,,,,2020
,Belanja Subsidi,"6.234,03 M","4.248,36 M",68.15,2020
,,,,,2020
,Belanja Hibah,"85.701,48 M","88.688,79 M",103.49,2020
,,,,,2020
,Belanja Bantuan Sosial,"12.540,01 M","12.523,59 M",99.87,2020
,,,,,2020
,Belanja Lainnya,"0,00 M","67,76 M",0.0,2020
,,,,,2020
,Belanja Tidak Terduga,"3.308,18 M","36.700,52 M",1109.39,2020
,,,,,2020
,Pembiayaan Daerah,"61.005,81 M","101.091,97 M",165.71,2020
,,,,,2020
,Penerimaan Pembiayaan Daerah,"77.558,88 M","114.001,81 M",146.99,2020
,,,,,2020
,Sisa Lebih Perhitungan Anggaran Tahun Sebelumnya,"66.183,93 M","99.786,26 M",150.77,2020
,,,,,2020
,Pencairan Dana Cadangan,"848,52 M","2.171,46 M",255.91,2020
,,,,,2020
,Penjualan Kekayaan Daerah yang Dipisahkan,"59,89 M","7,72 M",12.89,2020
,,,,,2020
,Penerimaan Pinjaman Daerah,"9.998,04 M","11.597,82 M",116.0,2020
,,,,,2020
,Penerimaan Kembali Pemberian Pinjaman Daerah,"128,01 M","0,66 M",0.51,2020
,,,,,2020
,Penerimaan Pembiayaan Lainnya Sesuai dengan Ketentuan Peraturan Perundang-Undangan,"340,50 M","437,89 M",128.6,2020
,,,,,2020
,Pengeluaran Pembiayaan Daerah,"16.553,07 M","12.909,84 M",77.99,2020
,,,,,2020
,Pembentukan Dana Cadangan,"107,00 M","375,46 M",350.9,2020
,,,,,2020
,Penyertaan Modal Daerah,"11.562,00 M","8.788,56 M",76.01,2020
,,,,,2020
,Pembayaran Cicilan Pokok Utang yang Jatuh Tempo,"4.074,53 M","3.713,03 M",91.13,2020
,,,,,2020
,Pemberian Pinjaman Daerah,"548,86 M","24,18 M",4.4,2020
,,,,,2020
,Pengeluaran Pembiayaan Lainnya Sesuai dengan Ketentuan Peraturan Perundang-Undangan,"260,69 M","8,61 M",3.3,2020
,,,,,2020
,Pendapatan Daerah,"1.155.600,89 M","1.168.216,11 M",101.09,2021
,,,,,2021
,PAD,"310.168,14 M","297.009,78 M",95.76,2021
,,,,,2021
,Pajak Daerah,"217.504,16 M","199.306,00 M",91.63,2021
,,,,,2021
,Retribusi Daerah,"11.975,51 M","8.481,22 M",70.82,2021
,,,,,2021
,Hasil Pengelolaan Kekayaan Daerah yang Dipisahkan,"9.621,46 M","9.480,63 M",98.54,2021
,,,,,2021
,Lain-Lain PAD yang Sah,"71.067,02 M","79.741,94 M",112.21,2021
,,,,,2021
,TKDD,"763.516,42 M","775.801,70 M",101.61,2021
,,,,,2021
,Pendapatan Transfer Pemerintah Pusat,"763.516,42 M","775.801,70 M",101.61,2021
,,,,,2021
,Pendapatan Transfer Antar Daerah,"51.971,19 M","60.102,06 M",115.64,2021
,,,,,2021
,Pendapatan Lainnya,"81.916,33 M","95.404,62 M",116.47,2021
,,,,,2021
,Pendapatan Hibah,"9.630,97 M","8.520,24 M",88.47,2021
,,,,,2021
,Dana Darurat,"0,00 M","277,47 M",0.0,2021
,,,,,2021
,Lain-lain Pendapatan Sesuai dengan Ketentuan Peraturan Perundang-Undangan,"20.314,17 M","26.504,85 M",130.47,2021
,,,,,2021
,Belanja Daerah,"1.230.108,25 M","1.145.087,49 M",93.09,2021
,,,,,2021
,Belanja Pegawai,"410.848,11 M","376.032,43 M",91.53,2021
,,,,,2021
,Belanja Pegawai,"410.848,11 M","376.032,43 M",91.53,2021
,,,,,2021
,Belanja Barang Jasa,"327.837,87 M","315.811,52 M",96.33,2021
,,,,,2021
,Belanja Barang dan Jasa,"327.837,87 M","315.811,52 M",96.33,2021
,,,,,2021
,Belanja Modal,"196.815,17 M","167.354,14 M",85.03,2021
,,,,,2021
,Belanja Modal,"196.815,17 M","167.354,14 M",85.03,2021
,,,,,2021
,Belanja Lainnya,"294.607,09 M","285.889,40 M",97.04,2021
,,,,,2021
,Belanja Bagi Hasil,"48.816,32 M","52.077,28 M",106.68,2021
,,,,,2021
,Belanja Bantuan Keuangan,"132.910,65 M","126.228,47 M",94.97,2021
,,,,,2021
,Belanja Bunga,"955,54 M","639,17 M",66.89,2021
,,,,,2021
,Belanja Subsidi,"4.669,50 M","5.134,38 M",109.96,2021
,,,,,2021
,Belanja Hibah,"80.543,56 M","79.689,05 M",98.94,2021
,,,,,2021
,Belanja Bantuan Sosial,"14.622,12 M","13.281,70 M",90.83,2021
,,,,,2021
,Belanja Tidak Terduga,"12.089,40 M","8.839,35 M",73.12,2021
,,,,,2021
,Pembiayaan Daerah,"75.326,90 M","98.041,86 M",130.16,2021
,,,,,2021
,Penerimaan Pembiayaan Daerah,"96.280,22 M","112.691,13 M",117.04,2021
,,,,,2021
,Sisa Lebih Perhitungan Anggaran Tahun Sebelumnya,"61.343,63 M","94.205,22 M",153.57,2021
,,,,,2021
,Pencairan Dana Cadangan,"124,15 M","48,82 M",39.33,2021
,,,,,2021
,Penjualan Kekayaan Daerah yang Dipisahkan,"20,09 M","191,25 M",951.79,2021
,,,,,2021
,Penerimaan Pinjaman Daerah,"34.583,61 M","17.977,16 M",51.98,2021
,,,,,2021
,Penerimaan Kembali Pemberian Pinjaman Daerah,"108,73 M","91,48 M",84.14,2021
,,,,,2021
,Penerimaan Pembiayaan Lainnya Sesuai dengan Ketentuan Peraturan Perundang-Undangan,"100,00 M","177,19 M",177.19,2021
,,,,,2021
,Pengeluaran Pembiayaan Daerah,"20.953,32 M","14.649,27 M",69.91,2021
,,,,,2021
,Pembentukan Dana Cadangan,"568,84 M","488,03 M",85.79,2021
,,,,,2021
,Penyertaan Modal Daerah,"15.184,67 M","9.535,46 M",62.8,2021
,,,,,2021
,Pembayaran Cicilan Pokok Utang yang Jatuh Tempo,"4.825,05 M","4.263,06 M",88.35,2021
,,,,,2021
,Pemberian Pinjaman Daerah,"266,90 M","314,59 M",117.87,2021
,,,,,2021
,Pengeluaran Pembiayaan Lainnya Sesuai dengan Ketentuan Peraturan Perundang-Undangan,"107,85 M","48,13 M",44.63,2021
,,,,,2021
,Pendapatan Daerah,"1.137.851,30 M","1.190.943,23 M",104.67,2022
,,,,,2022
,PAD,"330.901,06 M","328.485,50 M",99.27,2022
,,,,,2022
,Pajak Daerah,"230.237,92 M","238.828,92 M",103.73,2022
,,,,,2022
,Retribusi Daerah,"13.979,90 M","8.530,69 M",61.02,2022
,,,,,2022
,Hasil Pengelolaan Kekayaan Daerah yang Dipisahkan,"11.858,68 M","10.921,72 M",92.1,2022
,,,,,2022
,Lain-Lain PAD yang Sah,"74.824,56 M","70.204,17 M",93.83,2022
,,,,,2022
,TKDD,"738.175,80 M","778.239,35 M",105.43,2022
,,,,,2022
,Pendapatan Transfer Pemerintah Pusat,"738.175,80 M","778.239,35 M",105.43,2022
,,,,,2022
,Pendapatan Lainnya,"68.774,44 M","84.218,38 M",122.46,2022
,,,,,2022
,Pendapatan Hibah,"8.868,65 M","8.389,45 M",94.6,2022
,,,,,2022
,Dana Darurat,"0,00 M","1,00 M",0.0,2022
,,,,,2022
,Lain-lain Pendapatan Sesuai dengan Ketentuan Peraturan Perundang-Undangan,"7.674,21 M","8.328,08 M",108.52,2022
,,,,,2022
,Pendapatan Transfer Antar Daerah,"52.231,58 M","67.499,86 M",129.23,2022
,,,,,2022
,Belanja Daerah,"1.200.873,86 M","1.187.937,74 M",98.92,2022
,,,,,2022
,Belanja Pegawai,"411.493,84 M","380.556,99 M",92.48,2022
,,,,,2022
,Belanja Pegawai,"411.493,84 M","380.556,99 M",92.48,2022
,,,,,2022
,Belanja Barang Jasa,"338.046,40 M","351.072,05 M",103.85,2022
,,,,,2022
,Belanja Barang dan Jasa,"338.046,40 M","351.072,05 M",103.85,2022
,,,,,2022
,Belanja Modal,"190.155,52 M","195.108,67 M",102.6,2022
,,,,,2022
,Belanja Modal,"190.155,52 M","195.108,67 M",102.6,2022
,,,,,2022
,Belanja Lainnya,"261.178,10 M","261.200,03 M",100.01,2022
,,,,,2022
,Belanja Bagi Hasil,"50.683,02 M","58.633,19 M",115.69,2022
,,,,,2022
,Belanja Bantuan Keuangan,"122.636,13 M","126.174,55 M",102.89,2022
,,,,,2022
,Belanja Bunga,"2.140,46 M","1.138,87 M",53.21,2022
,,,,,2022
,Belanja Subsidi,"6.039,49 M","6.737,71 M",111.56,2022
,,,,,2022
,Belanja Hibah,"51.894,79 M","52.702,08 M",101.56,2022
,,,,,2022
,Belanja Bantuan Sosial,"11.350,81 M","12.166,39 M",107.19,2022
,,,,,2022
,Belanja Tidak Terduga,"16.433,40 M","3.647,24 M",22.19,2022
,,,,,2022
,Pembiayaan Daerah,"62.316,22 M","120.120,93 M",192.76,2022
,,,,,2022
,Penerimaan Pembiayaan Daerah,"82.503,78 M","137.231,65 M",166.33,2022
,,,,,2022
,Sisa Lebih Perhitungan Anggaran Tahun Sebelumnya,"62.822,39 M","120.460,96 M",191.75,2022
,,,,,2022
,Pencairan Dana Cadangan,"344,02 M","355,06 M",103.21,2022
,,,,,2022
,Penjualan Kekayaan Daerah yang Dipisahkan,"169,29 M","18,36 M",10.85,2022
,,,,,2022
,Penerimaan Pinjaman Daerah,"18.550,97 M","15.837,35 M",85.37,2022
,,,,,2022
,Penerimaan Kembali Pemberian Pinjaman Daerah,"567,11 M","537,51 M",94.78,2022
,,,,,2022
,Penerimaan Pembiayaan Lainnya Sesuai dengan Ketentuan Peraturan Perundang-Undangan,"50,00 M","22,40 M",44.8,2022
,,,,,2022
,Pengeluaran Pembiayaan Daerah,"20.187,56 M","17.110,72 M",84.76,2022
,,,,,2022
,Pembentukan Dana Cadangan,"1.638,65 M","2.043,87 M",124.73,2022
,,,,,2022
,Penyertaan Modal Daerah,"10.956,79 M","9.153,81 M",83.54,2022
,,,,,2022
,Pembayaran Cicilan Pokok Utang yang Jatuh Tempo,"7.138,34 M","5.805,91 M",81.33,2022
,,,,,2022
,Pemberian Pinjaman Daerah,"358,56 M","79,63 M",22.21,2022
,,,,,2022
,Pengeluaran Pembiayaan Lainnya Sesuai dengan Ketentuan Peraturan Perundang-Undangan,"95,22 M","27,51 M",28.89,2022
,,,,,2022
,Pendapatan Daerah,"1.228.777,53 M","285.933,90 M",23.27,2023
,,,,,2023
,PAD,"360.569,31 M","85.140,22 M",23.61,2023
,,,,,2023
,Pajak Daerah,"255.696,93 M","66.687,76 M",26.08,2023
,,,,,2023
,Retribusi Daerah,"12.965,10 M","2.314,39 M",17.85,2023
,,,,,2023
,Hasil Pengelolaan Kekayaan Daerah yang Dipisahkan,"14.371,24 M","1.101,73 M",7.67,2023
,,,,,2023
,Lain-Lain PAD yang Sah,"77.536,04 M","15.036,34 M",19.39,2023
,,,,,2023
,TKDD,"794.270,95 M","190.894,98 M",24.03,2023
,,,,,2023
,Pendapatan Transfer Pemerintah Pusat,"794.270,95 M","190.894,98 M",24.03,2023
,,,,,2023
,Pendapatan Lainnya,"73.937,27 M","9.898,70 M",13.39,2023
,,,,,2023
,Pendapatan Hibah,"6.717,35 M","158,84 M",2.36,2023
,,,,,2023
,Dana Darurat,"0,00 M","0,18 M",0.0,2023
,,,,,2023
,Lain-lain Pendapatan Sesuai dengan Ketentuan Peraturan Perundang-Undangan,"6.125,23 M","701,17 M",11.45,2023
,,,,,2023
,Pendapatan Transfer Antar Daerah,"61.094,69 M","9.038,51 M",14.79,2023
,,,,,2023
,Belanja Daerah,"1.286.185,03 M","145.092,58 M",11.28,2023
,,,,,2023
,Belanja Pegawai,"427.416,34 M","79.255,75 M",18.54,2023
,,,,,2023
,Belanja Pegawai,"427.416,34 M","79.255,75 M",18.54,2023
,,,,,2023
,Belanja Barang dan Jasa,"370.116,79 M","32.353,39 M",8.74,2023
,,,,,2023
,Belanja Barang dan Jasa,"370.116,79 M","32.353,39 M",8.74,2023
,,,,,2023
,Belanja Modal,"213.478,06 M","3.807,90 M",1.78,2023
,,,,,2023
,Belanja Modal,"213.478,06 M","3.807,90 M",1.78,2023
,,,,,2023
,Belanja Lainnya,"275.173,85 M","29.675,55 M",10.78,2023
,,,,,2023
,Belanja Bagi Hasil,"60.193,94 M","9.042,65 M",15.02,2023
,,,,,2023
,Belanja Bantuan Keuangan,"129.027,83 M","15.386,24 M",11.92,2023
,,,,,2023
,Belanja Bunga,"1.577,12 M","454,21 M",28.8,2023
,,,,,2023
,Belanja Subsidi,"6.556,54 M","146,98 M",2.24,2023
,,,,,2023
,Belanja Hibah,"56.400,26 M","3.829,74 M",6.79,2023
,,,,,2023
,Belanja Bantuan Sosial,"10.825,07 M","345,91 M",3.2,2023
,,,,,2023
,Belanja Tidak Terduga,"10.593,09 M","469,82 M",4.44,2023
,,,,,2023
,Pembiayaan Daerah,"57.630,36 M","115.953,65 M",201.2,2023
,,,,,2023
,Penerimaan Pembiayaan Daerah,"83.783,29 M","116.731,25 M",139.33,2023
,,,,,2023
,Sisa Lebih Perhitungan Anggaran Tahun Sebelumnya,"77.661,39 M","116.731,25 M",150.31,2023
,,,,,2023
,Pencairan Dana Cadangan,"595,95 M","0,00 M",0.0,2023
,,,,,2023
,Penjualan Kekayaan Daerah yang Dipisahkan,"3,08 M","2,60 M",84.45,2023
,,,,,2023
,Penerimaan Pinjaman Daerah,"5.415,78 M","784,03 M",14.48,2023
,,,,,2023
,Penerimaan Kembali Pemberian Pinjaman Daerah,"107,09 M","3,82 M",3.57,2023
,,,,,2023
,Penerimaan Pembiayaan Lainnya Sesuai dengan Ketentuan Peraturan Perundang-Undangan,"0,00 M","0,00 M",0.0,2023
,,,,,2023
,Pengeluaran Pembiayaan Daerah,"26.152,93 M","784,03 M",3.0,2023
,,,,,2023
,Pembentukan Dana Cadangan,"4.752,65 M","505,38 M",10.63,2023
,,,,,2023
,Penyertaan Modal Daerah,"11.596,20 M","1.892,51 M",16.32,2023
,,,,,2023
,Pembayaran Cicilan Pokok Utang yang Jatuh Tempo,"9.530,57 M","2.588,67 M",27.16,2023
,,,,,2023
,Pemberian Pinjaman Daerah,"271,21 M","2,00 M",0.74,2023
,,,,,2023
,Pengeluaran Pembiayaan Lainnya Sesuai dengan Ketentuan Peraturan Perundang-Undangan,"2,31 M","0,00 M",0.0,2023
,,,,,2023
,Penerimaan Pembiayaan Lainnya,"0,00 M","6,42 M",0.0,2023
,,,,,2023
,Penyertaan Modal,"0,00 M","1.892,51 M",0.0,2023
,,,,,2023
,Pembayaaran Pokok Utang,"0,00 M","2.588,67 M",0.0,2023
,,,,,2023
,Pengeluaran Pembiayaan Lainnya,"0,00 M","507,38 M",0.0,2023
,,,,,2023
,Pendapatan Daerah,"1.364.470,16 M","173.524,82 M",12.72,2024
,,,,,2024
,PAD,"394.877,08 M","50.381,38 M",12.76,2024
,,,,,2024
,Pajak Daerah,"283.532,30 M","35.623,72 M",12.56,2024
,,,,,2024
,Retribusi Daerah,"46.147,12 M","5.759,35 M",12.48,2024
,,,,,2024
,Hasil Pengelolaan Kekayaan Daerah yang Dipisahkan,"14.616,27 M","2.338,77 M",16.0,2024
,,,,,2024
,Lain-Lain PAD yang Sah,"50.581,39 M","6.659,54 M",13.17,2024
,,,,,2024
,TKDD,"882.154,03 M","120.099,34 M",13.61,2024
,,,,,2024
,Pendapatan Transfer Pemerintah Pusat,"882.154,03 M","120.099,34 M",13.61,2024
,,,,,2024
,Pendapatan Lainnya,"87.439,04 M","3.044,11 M",3.48,2024
,,,,,2024
,Pendapatan Hibah,"6.833,66 M","29,86 M",0.44,2024
,,,,,2024
,Dana Darurat,"0,50 M","0,00 M",0.0,2024
,,,,,2024
,Lain-lain Pendapatan Sesuai dengan Ketentuan Peraturan Perundang-Undangan,"6.061,54 M","292,66 M",4.83,2024
,,,,,2024
,Pendapatan Transfer Antar Daerah,"74.543,34 M","2.721,59 M",3.65,2024
,,,,,2024
,Belanja Daerah,"1.440.462,07 M","80.954,77 M",5.62,2024
,,,,,2024
,Belanja Pegawai,"467.286,52 M","43.651,41 M",9.34,2024
,,,,,2024
,Belanja Pegawai,"467.286,52 M","43.651,41 M",9.34,2024
,,,,,2024
,Belanja Barang dan Jasa,"415.509,64 M","19.030,49 M",4.58,2024
,,,,,2024
,Belanja Barang dan Jasa,"415.509,64 M","19.030,49 M",4.58,2024
,,,,,2024
,Belanja Modal,"238.185,78 M","2.159,07 M",0.91,2024
,,,,,2024
,Belanja Modal,"238.185,78 M","2.159,07 M",0.91,2024
,,,,,2024
,Belanja Lainnya,"319.480,13 M","16.113,79 M",5.04,2024
,,,,,2024
,Belanja Bagi Hasil,"68.895,51 M","3.015,75 M",4.38,2024
,,,,,2024
,Belanja Bantuan Keuangan,"135.951,69 M","6.826,04 M",5.02,2024
,,,,,2024
,Belanja Bunga,"1.268,61 M","220,24 M",17.36,2024
,,,,,2024
,Belanja Subsidi,"6.336,34 M","41,40 M",0.65,2024
,,,,,2024
,Belanja Hibah,"88.490,17 M","5.584,06 M",6.31,2024
,,,,,2024
,Belanja Bantuan Sosial,"9.632,88 M","192,04 M",1.99,2024
,,,,,2024
,Belanja Tidak Terduga,"8.904,93 M","234,27 M",2.63,2024
,,,,,2024
,Pembiayaan Daerah,"76.104,25 M","38.591,39 M",50.71,2024
,,,,,2024
,Penerimaan Pembiayaan Daerah,"97.260,68 M","38.585,07 M",39.67,2024
,,,,,2024
,Sisa Lebih Perhitungan Anggaran Tahun Sebelumnya,"84.666,78 M","38.585,07 M",45.57,2024
,,,,,2024
,Pencairan Dana Cadangan,"3.721,17 M","229,81 M",6.18,2024
,,,,,2024
,Penjualan Kekayaan Daerah yang Dipisahkan,"0,98 M","0,00 M",0.0,2024
,,,,,2024
,Penerimaan Pinjaman Daerah,"8.697,89 M","241,44 M",2.78,2024
,,,,,2024
,Penerimaan Kembali Pemberian Pinjaman Daerah,"105,10 M","11,45 M",10.9,2024
,,,,,2024
,Penerimaan Pembiayaan Lainnya Sesuai dengan Ketentuan Peraturan Perundang-Undangan,"68,76 M","6,50 M",9.45,2024
,,,,,2024
,Pengeluaran Pembiayaan Daerah,"21.156,44 M","241,44 M",1.14,2024
,,,,,2024
,Pembentukan Dana Cadangan,"418,06 M","16,84 M",4.03,2024
,,,,,2024
,Penyertaan Modal Daerah,"11.404,49 M","960,83 M",8.42,2024
,,,,,2024
,Pembayaran Cicilan Pokok Utang yang Jatuh Tempo,"9.266,03 M","1.440,00 M",15.54,2024
,,,,,2024
,Pemberian Pinjaman Daerah,"46,36 M","0,00 M",0.0,2024
,,,,,2024
,Pengeluaran Pembiayaan Lainnya Sesuai dengan Ketentuan Peraturan Perundang-Undangan,"21,50 M","0,00 M",0.0,2024
,,,,,2024
,Penerimaan Pembiayaan Lainnya,"0,00 M","247,77 M",0.0,2024
,,,,,2024
,Penyertaan Modal,"0,00 M","960,83 M",0.0,2024
,,,,,2024
,Pembayaaran Pokok Utang,"0,00 M","1.440,00 M",0.0,2024
,,,,,2024
,Pengeluaran Pembiayaan Lainnya,"0,00 M","16,84 M",0.0,2024
,,,,,2024
,Pendapatan Daerah,"1.350.905,54 M","176.200,30 M",13.04,2025
,,,,,2025
,PAD,"405.169,71 M","47.264,73 M",11.67,2025
,,,,,2025
,Pajak Daerah,"292.541,79 M","33.368,61 M",11.41,2025
,,,,,2025
,Retribusi Daerah,"63.935,89 M","8.230,90 M",12.87,2025
,,,,,2025
,Hasil Pengelolaan Kekayaan Daerah yang Dipisahkan,"13.436,35 M","1.585,05 M",11.8,2025
,,,,,2025
,Lain-Lain PAD yang Sah,"35.255,69 M","4.080,16 M",11.57,2025
,,,,,2025
,TKDD,"881.646,52 M","126.765,36 M",14.38,2025
,,,,,2025
,Pendapatan Transfer Pemerintah Pusat,"881.646,52 M","126.765,36 M",14.38,2025
,,,,,2025
,Pendapatan Lainnya,"64.089,30 M","2.170,22 M",3.39,2025
,,,,,2025
,Pendapatan Hibah,"3.169,36 M","16,08 M",0.51,2025
,,,,,2025
,Dana Darurat,"0,00 M","0,00 M",0.0,2025
,,,,,2025
,Lain-lain Pendapatan Sesuai dengan Ketentuan Peraturan Perundang-Undangan,"10.863,92 M","317,96 M",2.93,2025
,,,,,2025
,Pendapatan Transfer Antar Daerah,"50.056,03 M","1.836,17 M",3.67,2025
,,,,,2025
,Belanja Daerah,"1.414.338,50 M","83.636,26 M",5.91,2025
,,,,,2025
,Belanja Pegawai,"512.314,73 M","48.445,10 M",9.46,2025
,,,,,2025
,Belanja Pegawai,"512.314,73 M","48.445,10 M",9.46,2025
,,,,,2025
,Belanja Barang dan Jasa,"418.610,97 M","20.622,14 M",4.93,2025
,,,,,2025
,Belanja Barang dan Jasa,"418.610,97 M","20.622,14 M",4.93,2025
,,,,,2025
,Belanja Modal,"212.459,94 M","2.244,01 M",1.06,2025
,,,,,2025
,Belanja Modal,"212.459,94 M","2.244,01 M",1.06,2025
,,,,,2025
,Belanja Lainnya,"270.952,86 M","12.325,01 M",4.55,2025
,,,,,2025
,Belanja Bagi Hasil,"54.185,17 M","2.051,93 M",3.79,2025
,,,,,2025
,Belanja Bantuan Keuangan,"134.290,33 M","6.519,20 M",4.85,2025
,,,,,2025
,Belanja Bunga,"870,62 M","133,95 M",15.39,2025
,,,,,2025
,Belanja Subsidi,"6.976,94 M","57,27 M",0.82,2025
,,,,,2025
,Belanja Hibah,"52.490,28 M","3.235,35 M",6.16,2025
,,,,,2025
,Belanja Bantuan Sosial,"9.225,54 M","127,02 M",1.38,2025
,,,,,2025
,Belanja Tidak Terduga,"12.913,97 M","200,29 M",1.55,2025
,,,,,2025
,Pembiayaan Daerah,"64.705,37 M","29.129,91 M",45.02,2025
,,,,,2025
,Penerimaan Pembiayaan Daerah,"82.828,12 M","29.432,28 M",35.53,2025
,,,,,2025
,Sisa Lebih Perhitungan Anggaran Tahun Sebelumnya,"73.581,05 M","29.432,28 M",40.0,2025
,,,,,2025
,Pencairan Dana Cadangan,"59,00 M","6,92 M",11.73,2025
,,,,,2025
,Penjualan Kekayaan Daerah yang Dipisahkan,"1,78 M","0,00 M",0.0,2025
,,,,,2025
,Penerimaan Pinjaman Daerah,"9.047,96 M","310,00 M",3.43,2025
,,,,,2025
,Penerimaan Kembali Pemberian Pinjaman Daerah,"133,33 M","0,71 M",0.53,2025
,,,,,2025
,Penerimaan Pembiayaan Lainnya Sesuai dengan Ketentuan Peraturan Perundang-Undangan,"5,00 M","0,00 M",0.0,2025
,,,,,2025
,Pengeluaran Pembiayaan Daerah,"18.122,75 M","310,00 M",1.71,2025
,,,,,2025
,Pembentukan Dana Cadangan,"193,63 M","22,28 M",11.5,2025
,,,,,2025
,Penyertaan Modal Daerah,"10.010,43 M","457,26 M",4.57,2025
,,,,,2025
,Pembayaran Cicilan Pokok Utang yang Jatuh Tempo,"7.625,84 M","1.184,41 M",15.53,2025
,,,,,2025
,Pemberian Pinjaman Daerah,"50,13 M","7,62 M",15.2,2025
,,,,,2025
,Pengeluaran Pembiayaan Lainnya Sesuai dengan Ketentuan Peraturan Perundang-Undangan,"242,73 M","71,16 M",29.31,2025
,,,,,2025
,Penerimaan Pembiayaan Lainnya,"0,00 M","7,63 M",0.0,2025
,,,,,2025
,Penyertaan Modal,"0,00 M","457,26 M",0.0,2025
,,,,,2025
,Pembayaaran Pokok Utang,"0,00 M","1.184,41 M",0.0,2025
,,,,,2025
,Pengeluaran Pembiayaan Lainnya,"0,00 M","101,05 M",0.0,2025
,,,,,2025
